<?xml version="1.0" encoding="UTF-8"?>
<project-private xmlns="http://www.netbeans.org/ns/project-private/1">
    <editor-bookmarks xmlns="http://www.netbeans.org/ns/editor-bookmarks/2" lastBookmarkId="0"/>
    <open-files xmlns="http://www.netbeans.org/ns/projectui-open-files/2">
        <group>
            <file>file:/Users/alexa33/NetBeansProjects/DNASequencing/src/dnasequencing/DNASequencing.java</file>
            <file>file:/Users/alexa33/NetBeansProjects/DNASequencing/src/dnasequencing/Cell.java</file>
            <file>file:/Users/alexa33/NetBeansProjects/DNASequencing/src/dnasequencing/MyReader.java</file>
            <file>file:/Users/alexa33/NetBeansProjects/DNASequencing/src/dnasequencing/WunchFrame.java</file>
            <file>file:/Users/alexa33/NetBeansProjects/DNASequencing/src/dnasequencing/Needleman.java</file>
        </group>
    </open-files>
</project-private>
